"price","habitaciones","DCBD"
162753.088697616,3,1.19030660716817
73131.298210369,0,1.91083934274502
162757.453241232,2,1.22771610226482
73127.7517249858,1,1.82499047950841
73128.7127155719,0,1.91557599138469
98715.59895496,3,1.50520832161419
73133.0604169596,2,1.59389732801355
162753.638206781,0,1.26658883178607
73135.0777473546,2,1.54325100779533
73129.1716659706,1,1.96882452280261
73134.2284348809,1,1.88545790174976
73126.1274792242,1,1.72870111791417
162753.90691103,8,1.32309109065682
162754.610521955,1,1.05126017029397
73126.7981443715,1,1.73902616510168
73130.1076691623,1,1.6728244565893
73134.4327017448,0,1.66158306295983
162755.165941099,6,1.46412395383231
98716.8920255145,3,1.78128581354395
73124.3780876758,0,1.74665290932171
98712.7280632976,6,1.97636063839309
162756.888816255,1,1.05800229404122
73132.2339741109,1,1.52046099980362
162755.616563522,2,1.02460642391816
162754.378386291,2,1.31964911264367
98714.7256705169,3,1.59957792493515
162759.915203112,1,1.15201663388871
162752.172394222,5,1.08172276103869
162754.415354072,0,1.09927322133444
98717.0224236308,3,1.63029911741614
162757.174357639,0,1.35238136886619
73130.3661983248,2,1.54684474156238
73129.7778379375,1,1.96677300916053
162755.064441045,2,1.34358879528008
162751.256010166,0,1.48479887493886
73132.5755618818,1,1.87271416559815
73135.834429838,2,1.58209940814413
73124.4412611406,2,1.87894886359572
73131.637081752,2,1.93984798947349
162756.883680284,0,1.00713996519335
73126.8840992915,1,1.88512012688443
162754.139501002,1,1.45012990199029
73126.6282521766,0,1.78157925675623
162753.733012289,6,1.27990872086957
162752.81083793,0,1.22611409844831
73129.6699434664,1,1.98662151931785
73125.830746478,0,1.59456954663619
98712.3114954518,3,1.50388861843385
162754.680031473,3,1.21698990138248
73129.9079563897,0,1.87744850991294
162752.874122386,1,1.17464680317789
98710.7154924488,4,1.91290422203019
162752.663700234,3,1.02436058898456
73130.4440451987,1,1.69032550486736
73129.9725644218,0,1.97154220775701
98710.0587292537,4,1.68024633801542
73130.5657968127,0,1.5532033382915
162755.851461439,3,1.44273233157583
73128.7423071143,1,1.9029201217927
98714.4657503911,3,1.72103206813335
162754.575393143,0,1.4511872169096
73132.7518062028,2,1.59251663624309
73133.0635686307,0,1.7240369587671
73132.0699013851,1,1.78985144360922
162755.862608696,2,1.01922148303129
162756.665038436,1,1.1816034661606
73135.2931168155,2,1.69652775139548
98719.3512733355,7,1.5541270324029
162755.529398183,1,1.04051896953024
162757.539385059,2,1.43453874741681
73128.2349118149,2,1.83272611699067
98713.1679013411,3,1.73316063242964
73133.7968116703,2,1.71569627104327
162760.902026321,3,1.46402375004254
162751.842464439,2,1.4180757694412
162751.83481024,3,1.39186318265274
162756.171956223,4,1.18625108641572
73131.9840718676,2,1.83202587021515
73126.3223227599,1,1.74956110608764
73122.4250869085,2,1.59016141155735
73129.1990050303,1,1.52137158764526
73131.829733874,1,1.56797181325965
162758.240262562,1,1.06835265620612
162755.503886572,5,1.43797903344966
73132.4914011315,2,1.51591906696558
162758.262587269,1,1.13015299942344
162754.951690572,0,1.42410053359345
162759.491790073,3,1.23736032191664
162749.31354239,2,1.38314187270589
162752.334863878,0,1.20217247633263
162757.310012706,1,1.00950964959338
162757.491684542,3,1.37609810871072
73131.1227455419,1,1.5079531588126
162755.105222515,1,1.09878428489901
73128.9043909908,1,1.86431590397842
73131.2061231858,2,1.8167455571238
162754.193736652,4,1.33233103482053
73130.8845146409,2,1.89926887466572
73129.1822864882,1,1.82876677089371
73126.293505424,1,1.59833927429281
162752.25950035,1,1.10567603399977
73135.1442043227,2,1.67491089063697
162758.859082505,1,1.17488618264906
73130.5303540686,1,1.73606494581327
73129.8344389913,1,1.84349107719027
98716.7669806245,3,1.74910718039609
162753.848329099,2,1.32040799921378
162756.103189279,1,1.35040773148648
162753.584780227,3,1.49597853166051
73134.356123246,0,1.53873125743121
73132.1153147969,1,1.50909236189909
98718.5501804004,3,1.68067064904608
98718.967011859,3,1.57206364697777
98718.3378568741,4,1.53887873073108
162755.897278125,3,1.13053173525259
162757.212754752,1,1.18698522262275
98716.7641529971,3,1.81667712796479
162754.052529285,0,1.27345631411299
162753.191504529,3,1.23112703487277
162760.806687685,2,1.39619368431158
73125.3570245639,1,1.60336468880996
162751.777165341,1,1.12757611973211
162752.260444239,2,1.09722947073169
98717.6999256495,3,1.79677529120818
162749.641538151,2,1.1996320548933
162752.442583874,2,1.4540567130316
73131.7662585244,1,1.70548067428172
98715.3092024782,3,1.75430976995267
162756.01551523,3,1.08831099327654
162751.271172484,4,1.14238304295577
73133.661392357,2,1.5399734871462
73133.8670145305,2,1.87116587115452
162757.007363199,0,1.23805930069648
73125.667882574,1,1.84005347895436
98712.4444268845,4,1.9545242250897
162751.973212914,0,1.25275733298622
98721.3576185792,3,1.53367630788125
162755.201241766,1,1.34179050382227
162763.989580088,1,1.28950766474009
162753.732748285,4,1.29644718160853
162752.404070864,2,1.40764429024421
162752.166256486,2,1.30198944360018
73129.754234409,1,1.67679172521457
98715.0292128114,4,1.84534628223628
162750.170442377,5,1.19153420976363
162759.786569488,3,1.07715226639993
162754.986596765,3,1.43507624091581
162757.608454014,0,1.02932998118922
162758.408673311,2,1.07181533705443
162757.275217094,2,1.39963848167099
162754.09064706,1,1.26840224862099
73135.2748228926,1,1.54975317348726
162755.899790022,5,1.05145852244459
162751.422341812,2,1.39323441660963
162757.73344151,0,1.32596593094058
162752.806659478,2,1.31060378695838
98713.4145670247,3,1.9376169370953
162759.578661786,2,1.45501198573038
162752.71034609,5,1.12597995903343
73129.7241940002,2,1.92792068398558
162751.176779989,2,1.31389007065445
162754.357877967,6,1.22752161719836
73130.746426687,1,1.89762624073774
162756.883283469,3,1.43559872847982
73127.8629440543,1,1.58145424234681
73126.6690120422,2,1.99467222718522
162752.767987221,3,1.47997975233011
73130.6587108614,1,1.60344524309039
162755.867345491,1,1.23724945331924
162758.404579262,0,1.3189458323177
73129.6765448719,2,1.92565578618087
162756.659581988,4,1.29864731547423
162753.497155828,1,1.262944762595
162753.848563191,0,1.29878668743186
162752.752894855,1,1.39386185235344
73128.3093926426,2,1.75376498769037
162754.342831667,3,1.09189112251624
98716.6266371934,7,1.6492856843397
162750.683653547,0,1.13951470749453
73132.2549615294,2,1.76132484665141
73129.9210967995,1,1.59661867609248
73128.808993376,2,1.7946328278631
98704.6305159357,3,1.60446637310088
162755.307071242,1,1.17680527432822
162756.665372318,3,1.00119516486302
162759.541621702,5,1.33912889566272
73127.9167529301,2,1.8834714088589
162745.994515268,4,1.04942178959027
162749.876694138,4,1.45224723080173
73129.8279107241,0,1.58075688779354
73129.8894451119,0,1.92807005345821
162758.279223913,4,1.08883367665112
73131.4185064284,2,1.73648076062091
162756.741215544,0,1.25662295310758
162754.967252741,5,1.22131629195064
98707.6213638664,5,1.7222220771946
162754.000928313,3,1.41046150890179
73131.5248970554,2,1.61838950589299
73131.2322686367,2,1.53098748880439
73136.7287467298,2,1.70248485566117
162751.148011066,1,1.18809163779952
73134.1981892305,2,1.66222373466007
162751.064106912,0,1.06155414087698
162756.311170739,1,1.22130403178744
73134.2904886483,1,1.80841761012562
162754.202336008,1,1.26588281453587
98714.1461858678,3,1.69460095814429
162761.168375829,2,1.43466293998063
98715.8003953343,4,1.92380070616491
162755.049866679,2,1.39482334884815
162753.509790415,2,1.4624728448689
162753.441483515,2,1.07158928504214
162754.92929788,1,1.49378767656162
162756.739108626,3,1.25727421510965
162754.0549085,3,1.04259464633651
73133.5518144938,1,1.81776940845884
73140.2529874015,1,1.91118494025432
98718.6575607018,4,1.83090290986001
162757.219917137,4,1.38998669828288
162755.227003087,2,1.1194088854827
162753.907617676,2,1.3826859400142
162758.199215459,2,1.04063729592599
162755.711817916,1,1.071032196749
162755.713367684,1,1.14466992206872
162758.200404341,8,1.03599670436233
73128.7044710956,2,1.51672292104922
73131.7382976972,2,1.99499934958294
162753.721512522,2,1.46865493361838
98713.8278973605,3,1.52678526658565
73127.3331233967,1,1.73598131700419
73131.9724239118,2,1.79202086525038
73131.1584763981,1,1.91083208099008
73131.9606831985,0,1.74250208516605
73126.9714798216,1,1.50793722341768
73126.7197282213,1,1.74369934084825
73130.2894150288,2,1.69076560577378
162753.264350374,2,1.39612598251551
162754.402464748,0,1.13683548453264
73131.7116163333,2,1.92917321738787
73126.8377198854,1,1.66419633291662
162751.94545796,1,1.11714471969754
73128.4227111147,1,1.57001487910748
98720.5509415165,6,1.77053957991302
162764.054517834,4,1.09269135328941
98716.4630149084,4,1.56210453133099
73129.8408436118,0,1.82086492842063
162755.116908163,5,1.41327420109883
162754.180834823,5,1.00074665248394
162753.898828305,2,1.35711226821877
162752.094737212,0,1.04746302030981
162753.47715362,4,1.08642670535482
98719.064084019,3,1.59123122901656
162755.507092805,2,1.02773378393613
162755.134023435,4,1.31835327344015
98720.3218720948,3,1.85302459588274
162752.01645569,0,1.29759987513535
73128.2306122572,0,1.77418114524335
162756.39304869,2,1.09756362228654
162758.658491653,2,1.43457255791873
162753.001656811,1,1.27418554923497
162753.028724973,2,1.39737092540599
162755.730406068,3,1.36457817070186
162750.780529748,3,1.31789924297482
162753.42004689,3,1.3480494490359
73129.5468978444,1,1.51512395194732
162753.989236628,0,1.27909166482277
73126.4458916383,2,1.80223657516763
162747.604511922,2,1.12405991530977
98717.0251514953,3,1.8511536763981
98718.1862756448,4,1.90081734210253
162752.482059093,1,1.47107054642402
98714.5938880123,4,1.59529545996338
162750.860327846,0,1.06153925205581
73125.0617050186,0,1.55792666319758
162761.11648249,2,1.14541811821982
162756.640644675,1,1.11999771767296
73130.2913232686,1,1.92330270726234
162758.546864354,0,1.09180087060668
162752.479474861,1,1.46067389193922
162754.18778605,3,1.27798496745527
162750.764408673,4,1.27345649874769
73132.4728366288,0,1.61624080990441
73131.1060988155,2,1.66286570136435
162758.321095591,1,1.44618005142547
73130.4263522505,1,1.89383526425809
73135.5873176235,1,1.99546112096868
162758.843515591,2,1.15776247088797
162758.320701472,2,1.17819300387055
73132.5288315526,0,1.98882551351562
98719.2033537763,6,1.56527836224996
162754.225070272,2,1.3002694149036
162754.37963407,2,1.09365721815266
73134.4923659548,2,1.69780760235153
162750.99931843,0,1.0465354193002
98716.1448095831,3,1.67177957529202
162751.655125181,1,1.29674754431471
162763.040570191,1,1.13322490337305
162751.069519424,3,1.21416231221519
73129.5121633178,1,1.81214345712215
162754.879515144,2,1.33831123588607
73133.3025210871,2,1.96814132155851
73129.2908608996,0,1.60802089446224
162756.963150283,4,1.43448203941807
73133.6751407301,1,1.55945096374489
98718.0768545275,5,1.86720889015123
73131.1233768994,1,1.81643599062227
162754.989682906,3,1.41960905189626
98717.6307226958,3,1.63358346023597
98724.8042037496,3,1.98677295329981
162759.758563471,1,1.31905453302898
162754.679888231,1,1.48032287764363
162754.178709861,2,1.17517686355859
162755.750993625,3,1.19206716981716
162754.80094693,2,1.44894720846787
98716.8594867067,3,1.93337974161841
162757.112716242,0,1.33630216307938
162750.026904493,1,1.11666277050972
73136.615438276,1,1.56738563627005
73124.1453552355,0,1.97957852808759
162756.692462423,1,1.10638003633358
162753.912506983,4,1.05053332517855
162755.229190664,1,1.08976929634809
162750.288532934,2,1.17415613192134
162757.064932182,3,1.01669061742723
98723.4686910562,4,1.94120994326659
162754.226815968,1,1.42733075004071
73133.2516135765,0,1.9122605137527
162752.189860355,0,1.40355918300338
73133.1985983594,0,1.98208013991825
162755.008858522,0,1.36159787094221
162755.053422966,1,1.23924379399978
73131.5953313314,2,1.80147226620466
162756.212387881,1,1.35110894031823
73128.9824772165,1,1.64726591762155
73127.8887299233,1,1.97990244207904
162750.411242238,2,1.3867733895313
98710.5400923922,3,1.77926051313989
162754.558237599,4,1.19019306451082
162749.694603357,3,1.35783849726431
162755.915581451,2,1.4612782697659
162757.290647358,3,1.49499051645398
73124.9980671683,2,1.87071944912896
162750.96858428,6,1.4932148354128
162750.729316366,0,1.22114423336461
162749.957397304,1,1.03188191680238
98715.2328737969,4,1.78149321419187
162757.476458022,2,1.47719120862894
162757.805365116,2,1.27251838473603
98714.3980524252,5,1.83340348862112
162751.960144694,3,1.36467195604928
73133.0299099861,1,1.59890861832537
162753.8264525,1,1.22319196467288
73131.905668852,0,1.99983100825921
162755.540520513,3,1.10659539257176
162753.384391223,2,1.10080872988328
73135.2578275861,1,1.9223044293467
98714.3440886427,3,1.70854729902931
162756.490082271,2,1.36175930663012
73130.7734310456,0,1.67533953511156
162757.457528417,4,1.10629222379066
162755.725560171,1,1.38773957174271
162752.828314772,0,1.21704529714771
162755.228068466,0,1.33865864598192
162755.712521769,2,1.15214536734857
73133.6683198897,0,1.75357486447319
162759.099659693,2,1.40276456065476
73125.8527185934,0,1.68287904560566
73125.9010862814,1,1.67532840953209
98717.6713212034,3,1.96700799139217
98716.8246934145,3,1.60428690654226
162755.808199814,3,1.18245190312155
162755.708922016,2,1.27473897254094
162755.888134741,2,1.46641746792011
73130.68047424,0,1.51648803404532
162752.74728582,3,1.30690302024595
162754.223964266,2,1.29449349758215
73134.7767016921,1,1.79609109903686
98716.3007179409,3,1.77530791144818
73125.3567047799,0,1.63538154098205
73135.1321188113,1,1.59637583815493
162752.345080003,3,1.37557278107852
162754.826722892,2,1.07101003616117
162758.538335576,1,1.2183010452427
73138.3462151905,0,1.57948931260034
162750.919136936,1,1.02890931372531
162752.354145265,6,1.24969006911851
162756.069831085,2,1.45819476572797
162758.309715152,3,1.258246447891
162754.514099315,2,1.3286394465249
98713.8960413892,3,1.87146217306145
98719.0322678686,5,1.53421605727635
162751.93565527,3,1.49489142233506
162759.190092991,1,1.4958668705076
73131.1619460758,0,1.57714618067257
162758.746723497,1,1.25652335234918
73135.6406146506,2,1.66876230854541
98718.7180448132,3,1.85343214031309
162753.658204021,2,1.29736753134057
73134.9561024867,2,1.87623470742255
73133.2877781931,2,1.90152788395062
73128.9586091027,1,1.67122891382314
73127.1109342405,0,1.64094984880649
162758.332703015,2,1.10875804838724
98714.1888721479,3,1.65463782520965
73128.2918834273,2,1.78405310749076
98716.05453572,3,1.72313185618259
73127.4545449257,2,1.70905413385481
98712.3037163603,3,1.96103215077892
98717.8345314226,3,1.60044222138822
162754.811985802,1,1.05662161065266
162749.438490186,2,1.2750268203672
162749.166847159,2,1.10281514306553
73132.8658004932,2,1.83162213722244
98712.7677995534,3,1.83552066469565
98721.9002925775,4,1.94346247590147
98714.8442030152,4,1.63467715214938
73127.1607732204,1,1.81593233253807
98713.3094003162,4,1.79765363549814
162754.240154952,0,1.1513065348845
162756.549414275,2,1.27438500500284
162749.911260152,4,1.01728819124401
162753.553897823,3,1.30921727302484
73131.4740727168,1,1.87251560133882
162753.428219083,0,1.14743049861863
162756.495574178,1,1.2859469843097
162754.005744,1,1.1026124318596
162750.889986403,3,1.01974701904692
98717.7412892055,4,1.81882883026265
162754.454407318,1,1.36259455792606
73125.9288787528,1,1.62122565088794
162749.490873853,2,1.38870209897868
162753.544923107,1,1.38732502586208
73130.621805663,1,1.99429293465801
73131.2277195095,2,1.85437514842488
73132.4695179836,1,1.72218508529477
162751.584060621,2,1.02214767294936
162752.511967968,3,1.3254150589928
162758.587601605,2,1.35209605796263
98716.1358176378,3,1.89116551075131
73133.5548514073,2,1.84397639683448
162757.992767248,3,1.45913092629053
162750.208077905,2,1.12286064215004
98716.2838611661,5,1.84958607354201
98714.0165801482,4,1.77552205463871
162753.405618138,0,1.31489597028121
98720.7964498178,3,1.71064321510494
73130.882957006,0,1.67556742718443
73128.7951504484,1,1.67676884471439
98719.0807634028,5,1.90003502229229
162754.1528698,1,1.12714666430838
73131.2655172676,2,1.58655177988112
98713.6391535514,5,1.7552577694878
162755.238058041,3,1.35752855893224
73127.6858231735,2,1.64664172171615
162752.869040412,0,1.02679588040337
98717.1398149976,4,1.77362178778276
98716.4900751694,7,1.84323070361279
162748.489635021,2,1.06909990892746
162754.033835603,5,1.01633056206629
73127.4909170176,2,1.83925884147175
162758.26051595,2,1.45799993420951
162750.704970666,2,1.16060863179155
162756.596445809,4,1.31767695071176
162752.537260062,1,1.02089763176627
73134.3732242615,0,1.84917470254004
162750.802825691,4,1.00085483095609
73133.2169984103,0,1.96978755085729
73131.1981998606,2,1.76831929385662
162753.215278025,1,1.46288550226018
162757.32730338,4,1.26063509704545
162747.193100826,2,1.08148178039119
73133.615458303,0,1.91947228391655
162756.02349114,0,1.29493456543423
73125.5304673044,1,1.74196619936265
98716.7012070281,3,1.97409738809802
73130.5562944323,1,1.96937466552481
162761.127399871,1,1.38441929547116
162755.316653972,0,1.08065775572322
98720.9995671175,3,1.56170091289096
162750.304614245,4,1.10357304150239
162752.373099738,1,1.03937379037961
73127.9819805086,2,1.90830475487746
162752.816450676,3,1.23026978597045
162752.003036278,1,1.47008544253185
73132.2903728944,2,1.95781964831986
98717.0959424925,3,1.6906631286256
98720.1678991264,3,1.79914446547627
162756.709606517,1,1.03850899962708
73128.7016685532,1,1.70021901605651
162755.701576072,1,1.43815078237094
162753.19643082,5,1.4231827405747
162754.399750219,4,1.04789517819881
162756.890221194,4,1.28471378539689
98716.7761301095,6,1.91665174346417
162756.312283977,1,1.32085007848218
73131.3757660972,1,1.70326936943457
162757.789970128,1,1.48825068748556
73135.5240958752,0,1.55791722331196
73129.9471195188,2,1.84095423226245
162757.348457074,3,1.01492065447383
162755.088094407,0,1.06241910299286
73127.8131777227,2,1.9196769434493
162754.018605543,3,1.1093411759939
162751.234590551,3,1.0095006225165
162754.565471528,1,1.14513705344871
73132.4148466989,2,1.92949916305952
162756.010002376,2,1.11451978329569
73133.1250510327,0,1.70088308490813
162753.488583747,3,1.32892223983072
73129.9043620955,1,1.60057411505841
73128.3546637305,2,1.94402994564734
73133.2533436268,2,1.74674721364863
73129.1294111437,1,1.75706307031214
98717.8607914538,3,1.72718324628659
162753.909778784,3,1.2424029649701
73130.8533584476,2,1.77576515823603
162752.268229261,3,1.47837487468496
73128.4462747643,2,1.70667463727295
162754.841378408,2,1.0577643297147
162756.402780115,4,1.00104138278402
73128.5764377348,1,1.97691186191514
98719.3274902843,4,1.58963032951578
73131.26730713,2,1.70637059980072
73127.3131781789,0,1.75792604894377
162758.26483042,4,1.12787882727571
98718.0455943516,4,1.93952548946254
162750.398729261,0,1.3010783016216
98713.415791654,7,1.84458392951638
98717.0985094359,4,1.57868948904797
162757.64790847,2,1.20258891978301
73135.3576581524,2,1.88380959071219
162753.629979697,2,1.34398778807372
162753.739826015,4,1.10110251745209
162751.072220698,4,1.41188803454861
73128.1358406976,1,1.50126275164075
98718.5261398478,4,1.60949857207015
162753.925386943,3,1.39633844885975
98715.6423784832,3,1.93968181731179
162757.991249654,1,1.46299045835622
73126.5753926937,0,1.89818365662359
98711.0623906073,8,1.97078429767862
162757.091337191,0,1.47682647965848
162753.000176718,4,1.19646681216545
98720.0350740427,3,1.92939224187285
162759.350031522,2,1.48375265020877
98719.4892925813,3,1.89857373991981
98717.0659384228,3,1.59854925144464
98717.1004371191,4,1.58404979715124
162753.971631785,2,1.00320714293048
98710.4475903079,3,1.70915332320146
162749.027044408,1,1.00598191539757
162754.653316041,1,1.29061943967827
98719.5396793038,3,1.63824848085642
162756.207867387,1,1.18287250562571
98718.2454533818,3,1.79719018097967
162754.961467816,0,1.01763481390662
162758.376746671,1,1.25220406451263
73133.5063553459,2,1.74017740949057
162753.106946484,3,1.0032573225908
162754.183227115,1,1.24623037618585
162752.637191773,1,1.47056308644824
73131.7980098301,1,1.91961234156042
162748.691292578,1,1.28678862168454
162754.842436921,2,1.42431733664125
162756.316529086,2,1.26129622734152
73129.6253059143,1,1.65362074528821
73133.5133589231,0,1.56775657343678
162755.197424637,0,1.42916515097022
73129.6867988337,2,1.96114638354629
73132.1062773054,1,1.80720428773202
73128.4730609145,0,1.82373249088414
162753.100443733,3,1.42658804985695
73129.4869876201,0,1.92416452639736
98710.433712938,3,1.74912245967425
73131.6080899699,0,1.97743925754912
98719.9122488946,3,1.69962074840441
98718.0678851248,5,1.6949644794222
98715.9014054781,3,1.72244283626787
162752.74079207,4,1.26562236156315
73129.9982157478,0,1.77069145580754
162748.103677473,0,1.36082701641135
162756.905645753,4,1.49748629867099
73130.8127670563,0,1.62746138125658
162755.91113833,2,1.48696384113282
98712.9235110245,3,1.91817743587308
162757.651331986,2,1.30114621063694
162756.850064215,6,1.40073791379109
73131.4973956994,1,1.69890460791066
162756.202140902,2,1.00698712514713
73129.9426200092,1,1.847078980878
98719.729269968,3,1.62633854430169
162747.647896726,3,1.42509349202737
73131.3354749865,2,1.68664681655355
73127.4427016383,1,1.98936224821955
98713.1281200261,5,1.53464542399161
73133.4863166219,0,1.78972991066985
162756.210610981,1,1.34431279450655
73130.3928024845,2,1.90859756129794
73131.3787725312,2,1.93894879566506
162756.576128398,3,1.15221141977236
162757.398631959,1,1.29970529023558
73133.460851677,1,1.63734219223261
98717.7106666631,3,1.70532337762415
162751.45204214,2,1.12869990943
73135.445669199,2,1.73795514274389
162760.688128136,2,1.22192759183235
162759.498235792,1,1.29550681845285
73125.3661159179,1,1.99837267259136
73128.4148612138,1,1.60724025731906
98713.5564905387,5,1.86166444187984
98717.3689077632,3,1.94321898813359
162754.540092409,1,1.38082569651306
73134.3122486525,1,1.54708135686815
73128.0525882939,2,1.59858905011788
73133.3076481305,0,1.74218512279913
162757.421815455,1,1.04085016460158
73125.3494066023,1,1.77265938767232
98716.0766954683,3,1.81604282441549
162753.91000948,2,1.22973241447471
162754.335952774,2,1.11784808384255
162752.021869266,5,1.24738435912877
73130.3839739558,0,1.94523618929088
162751.527232604,2,1.3081075581722
73128.3151356288,0,1.77866816869937
98719.642926794,3,1.86454396229237
73123.934319121,2,1.74481383617967
73130.9094295046,1,1.70261405897327
73125.0616013339,0,1.89753382978961
162749.272024667,1,1.47456831648014
162752.984508759,2,1.42802601796575
98715.161393482,4,1.88700377219357
162758.314444433,3,1.03213778859936
98717.9011125743,3,1.89331956929527
73130.3669194309,2,1.523166264873
162755.41308178,3,1.2475745503325
73124.7273314444,1,1.72595257265493
73132.1275452652,0,1.86627176450565
162756.066500283,5,1.35057671391405
73137.1998978004,2,1.55275295302272
73129.3744557,1,1.57335330010392
73135.1532563174,2,1.85718004149385
162755.111710156,1,1.32571273553185
162760.057264411,0,1.38565816939808
162751.863128593,0,1.49373020301573
162756.831724142,1,1.23727976647206
73130.2487411421,1,1.5329016870819
98714.1822526279,5,1.55515213939361
73123.4070686139,2,1.55165585968643
73128.3564608158,0,1.96961679775268
73132.1235747267,1,1.5844313155394
162751.69235162,2,1.00960886664689
73130.2341349694,1,1.94238205766305
98715.5302940541,3,1.73705360642634
162758.655615066,4,1.22379696299322
73130.1637031873,1,1.59998970967717
162754.006014837,1,1.31315719615668
73125.6551370695,1,1.82049531815574
162753.6125919,2,1.25163472117856
73129.2666640864,1,1.65385394799523
162749.60413953,1,1.25677637406625
73131.2515445255,2,1.86784108635038
73134.7555292661,1,1.77592158061452
162754.675482698,3,1.08533635432832
73133.0893185063,1,1.74332248442806
162752.6533338,1,1.34692208631895
73124.974630568,2,1.80189064820297
162756.789127138,3,1.38239671499468
162756.114646346,4,1.41429669503123
98715.7268684098,3,1.95107816020027
98715.8468323776,4,1.88722149166279
73134.7765383625,0,1.55879133194685
162753.775558071,1,1.28825039463118
162759.357405982,3,1.30640000593849
162752.175395926,3,1.20143397012725
98718.0550830793,3,1.95614362717606
162756.78429855,0,1.41307332715951
162757.036549463,2,1.25126356841065
73132.389104684,2,1.83518062415533
162755.592511323,2,1.34826488606632
162753.192149173,6,1.21613309555687
73131.5098309758,0,1.62201701919548
162750.619057008,2,1.16071733296849
162751.794627526,0,1.30200148839504
98710.1793445692,4,1.63931181677617
98710.9336885935,3,1.93554644961841
162761.868905314,2,1.1017185759265
162762.033795736,1,1.42981477361172
162759.221879432,1,1.42622576351278
162753.797587266,4,1.46018663351424
162755.61597738,5,1.11564000998624
98712.0478505646,3,1.74245381564833
98714.5407709972,3,1.80100525566377
73126.677791965,0,1.88454402354546
98714.8547632793,3,1.55001957854256
162752.567106754,2,1.35573761048727
98715.0379668585,4,1.682065497851
73132.6564072323,0,1.89766389317811
98718.3176560191,3,1.5738409308251
98709.6631975349,3,1.53132786951028
73135.8221033624,2,1.52745733736083
73133.1149883492,2,1.90859169559553
162754.407489193,2,1.37192792561837
162757.710089936,4,1.47643517283723
73132.3743344033,1,1.84901162865572
73128.5662442692,2,1.54051519394852
162759.078728494,3,1.19863982568495
162753.542830309,2,1.3961690289434
162751.131116433,0,1.48503428744152
73130.6814544515,0,1.79155746218748
73129.0038670325,0,1.94841759209521
162755.525401349,4,1.2093709919136
162757.734354303,1,1.32227785792202
98711.4783536715,3,1.96055854158476
98715.1790737037,3,1.66420592437498
73132.1586063717,1,1.8408690080978
73128.8570564778,1,1.6544134451542
73127.4626501955,1,1.93163715302944
162753.322403319,2,1.43919554888271
162750.452061447,2,1.49394191754982
162752.323867589,2,1.29365908773616
73129.5421021818,2,1.77266147942282
73125.9378695505,2,1.94879382615909
73125.1569460699,1,1.81106992391869
73129.7780886848,1,1.64388540713117
162755.673448151,3,1.49183772457764
162747.922063615,3,1.31049075559713
98713.0858505364,3,1.88461076561362
162758.84665447,2,1.01202372997068
73129.3498573863,0,1.90641490719281
162753.270047518,1,1.19146565417759
162746.723975767,1,1.44106357940473
73133.1654488646,2,1.77548363571987
162757.636575682,3,1.02536430815235
162751.204457835,2,1.35481253569014
98716.2032215685,5,1.77455576718785
162756.785462953,0,1.32523779617622
162762.00810557,2,1.46583868586458
162756.021310614,4,1.11996264243498
162753.29300663,1,1.2470525985118
98720.32615852,3,1.59323001210578
162754.175248551,4,1.40998572297394
162755.177252972,3,1.19308023201302
162754.926040875,3,1.44277614331804
162749.51090304,1,1.43762821541168
162752.049085066,8,1.29327634815127
73132.0295487546,1,1.92399440822192
73127.824917394,2,1.59994209534489
73132.3836150257,1,1.76421584747732
162756.367833775,2,1.27739403070882
162750.845141999,3,1.15799837163649
98714.6131432941,7,1.50181654421613
73129.9080858151,2,1.70118446229026
73129.9294436698,1,1.77615121402778
162755.056283413,2,1.15580660896376
162755.208341963,1,1.21404972020537
162751.262925468,0,1.07626028871164
162754.653411058,5,1.04662471264601
162754.062887921,3,1.05773385218345
73126.741697299,2,1.72341749677435
98705.9345365675,4,1.72956195776351
98721.5879243624,3,1.95143686747178
162758.921384178,2,1.16808113153093
73129.1823515672,2,1.64936449751258
162749.936556563,3,1.41128831682727
162752.978258158,0,1.110854199389
162752.723074252,0,1.01890505338088
162756.092378137,4,1.21369087556377
162755.231699087,3,1.33077392703854
162750.661413438,2,1.313959130086
98719.6017301861,3,1.88494082912803
162752.718186833,4,1.19870981178246
162756.218822532,1,1.2338668119628
73138.1262347039,2,1.63058972056024
73132.682992099,2,1.81153602804989
162757.70662734,4,1.28717066789977
162753.094942521,4,1.10923293698579
162756.720446804,2,1.04269602173008
73130.7886467869,0,1.732441135915
162749.796802162,0,1.01687066466548
162755.194811996,2,1.34521638415754
73128.5392889509,1,1.85477974591777
162753.376823544,1,1.09786533843726
162757.736151647,3,1.43546483037062
73127.7514693151,2,1.96820692764595
162758.598638067,4,1.45388389797881
73128.1485270585,0,1.7491937042214
162750.605970866,2,1.33322840509936
73131.8661079246,2,1.81279168766923
98716.9366004816,3,1.59909546817653
162752.486504909,3,1.34274832624942
162751.103837942,2,1.31428217841312
73131.939709846,2,1.70780263771303
162757.839829891,2,1.28039915696718
162756.568543291,5,1.41639276151545
73134.517970104,0,1.89006955851801
98719.004715735,6,1.57849367335439
73133.1888036827,1,1.6725295598153
73128.2949696887,2,1.69446167768911
73128.5184219622,2,1.84632445196621
73133.6841482803,1,1.55917024216615
73128.8685343706,0,1.9171168084722
73129.1736377192,2,1.69158916315064
73132.8891721114,0,1.73263552039862
73130.8146272415,1,1.75477380817756
162752.082526855,0,1.21681761532091
73130.3501088981,2,1.61102114478126
162755.651790693,3,1.3875855691731
162750.380129924,1,1.32940018479712
162757.395570125,0,1.31903483881615
162752.99650413,3,1.34162815008312
73127.9314754327,2,1.76587837631814
73128.8999195323,2,1.58009466622025
162758.77552235,1,1.21344131743535
162753.537038775,1,1.09102189121768
73137.7304869591,2,1.89780626771972
162753.711033997,0,1.33569949539378
98718.0749423034,4,1.60343881044537
162758.544030931,2,1.32932764315046
162757.422773926,3,1.33006745669991
162749.645068232,0,1.02294443012215
162752.878556011,4,1.24679743265733
73129.8119235958,1,1.52185055823065
162748.474954791,1,1.31832497939467
162751.500616106,1,1.17996692005545
162750.381432728,0,1.28585423855111
162758.446233481,2,1.48545695538633
162755.887294354,2,1.07932282262482
73134.0084928575,0,1.9933623149991
162747.391291204,2,1.43198388442397
98714.8769799326,3,1.65326712233946
162755.028247483,2,1.23814663360827
98716.5163929901,4,1.97144082048908
162754.122808296,1,1.01613131142221
73130.0393472152,1,1.79950366145931
73132.1766071358,0,1.90372606739402
73130.4733027396,1,1.98394686495885
162751.115166989,0,1.19772009830922
162757.01755166,0,1.35006827837788
73129.2913780283,1,1.78754259156995
162754.870473507,1,1.37425005761907
162756.444169067,1,1.07566493772902
162755.065874588,2,1.42928388225846
162754.17815534,3,1.38410532614216
162756.98813391,2,1.03611787687987
73137.8701227422,0,1.71784121845849
98717.1459097722,6,1.71975956484675
73131.3080130239,2,1.70650667557493
73130.1692050695,2,1.77644113474526
98719.8534824027,3,1.9286424475722
162760.076168037,4,1.49840128538199
162755.955033857,0,1.13275176938623
162752.305154312,3,1.17528152046725
162751.542318754,3,1.47130769863725
162754.944830198,3,1.38650863408111
73129.1277187565,2,1.59043830516748
98720.3707599652,3,1.89982830034569
162749.861432321,2,1.42012376757339
98716.5144061136,8,1.86623235885054
162753.129808941,1,1.1902987670619
162749.020459187,1,1.04449439421296
162755.003691785,3,1.053648033645
98715.9902338684,3,1.56412057159469
73131.4758968277,2,1.78360129217617
162758.166492709,1,1.18507709889673
162754.302258647,1,1.25084321154281
98717.1660967628,3,1.75232494669035
162757.340365007,3,1.47127261268906
162753.763379506,1,1.36131528648548
162749.276732487,4,1.43003715039231
98714.1599334599,3,1.80228326539509
162748.395334748,1,1.2284897051286
162755.061920037,1,1.40612639812753
162750.667708581,2,1.01869851141237
162755.935434118,3,1.00421845098026
162757.338188719,3,1.49321540934034
98721.7509138296,3,1.96689146361314
162753.432079807,3,1.08859164104797
73131.1095300426,1,1.78500409796834
162757.662235038,2,1.11523588304408
73131.7971020772,2,1.90096544777043
162750.171422658,0,1.01227442966774
162751.070402943,1,1.23534820275381
162757.960103059,3,1.26312006288208
98714.6237685588,4,1.94622795120813
98712.4237765171,5,1.61648898059502
73129.3481431254,0,1.78877259930596
73132.0302849287,0,1.90786518226378
73123.641845386,2,1.65727235982195
162752.527991446,3,1.42037502070889
73135.1147587417,1,1.83586738794111
73127.5202890556,1,1.97025130223483
73130.8267042839,1,1.78973761410452
98716.448125534,5,1.99131002952345
162749.819151683,2,1.06925780558959
162756.801658969,0,1.47282313811593
162753.069673827,2,1.21855777711608
162761.603510684,0,1.1034658709541
98710.3691793183,3,1.59023903799243
73131.1297847288,1,1.55001459363848
162751.828625507,3,1.35969082941301
162755.58408157,2,1.4508212916553
162757.745235743,0,1.32335724821314
98722.6512159859,3,1.55038617178798
98716.4148054027,3,1.54304549912922
162754.414555102,1,1.3204894149676
162755.154750556,3,1.42500756355003
73125.9823313347,1,1.6801376324147
162754.706908695,2,1.15545075433329
73130.9245941549,0,1.97118826257065
73128.8273829675,2,1.67924784612842
73132.8896845411,2,1.7990523299668
73126.4336785064,0,1.62124934629537
98712.7028242649,4,1.72499527782202
162758.549354309,1,1.49046473857015
98719.2341436879,3,1.74510048795491
73135.4600760601,2,1.66162230749615
162751.41932385,2,1.26953612687066
162753.713941757,0,1.28114304156043
162756.003661798,2,1.09389043529518
73130.3698791144,0,1.74187992443331
73131.7723120398,0,1.8100233131554
162751.438894482,3,1.08478858810849
162754.800007465,1,1.13474235357717
73128.6676891197,2,1.99243367020972
162752.761767939,1,1.15498184622265
162756.528751962,1,1.41079737246037
162753.741076341,3,1.05383956013247
73129.7396769414,0,1.72956267604604
162749.203775857,1,1.45268717664294
98711.1963561011,3,1.91324288886972
98712.4332098195,3,1.52720206184313
162762.087361047,2,1.29368577036075
162759.776925773,2,1.05998051119968
162760.170987734,1,1.07347835530527
73129.2148930687,0,1.52779322071001
162756.303608237,3,1.2538628440816
73130.7624350759,1,1.78556013130583
162754.156633052,3,1.01093434263021
73136.2842789606,1,1.57449757261202
162757.453941493,1,1.09104172582738
73128.1130881664,2,1.57676897570491
162755.67364012,1,1.4701689411886
73131.7983097933,0,1.89815198816359
162752.348012819,1,1.36932969838381
73132.2294041365,1,1.77291749883443
162752.411656836,1,1.20461053703912
73127.1481687545,1,1.66869438951835
73131.1742895344,2,1.73075438337401
73129.040477194,1,1.70855104108341
162758.631411086,1,1.07874940452166
73128.7316519319,1,1.52968472195789
162755.528602332,4,1.34133859723806
162753.60611319,0,1.47806828632019
162752.470025049,0,1.04821870825253
73124.4360539627,0,1.97952807229012
162756.232002263,3,1.11852879822254
98716.9311773936,3,1.80221647303551
98716.5068108203,3,1.77811987209134
162757.610551852,1,1.24600008502603
73127.1262840078,2,1.7378497000318
98715.6888260745,3,1.8499435398262
162753.816684807,1,1.09398997807875
98715.9793197699,3,1.67045564507134
162763.094027624,2,1.16280412767082
162761.588194503,0,1.04762468952686
162757.146843623,2,1.03729893290438
98719.6082701527,3,1.75205276929773
73133.9264083386,0,1.54594702436589
162755.175373058,1,1.04149285075255
162754.551891075,1,1.41923776385374
162752.120340978,2,1.27021304122172
98714.4343553934,5,1.75701368320733
162756.564476909,3,1.45292898407206
162749.860024124,3,1.17824726365507
162759.477855935,5,1.17802943801507
162756.454627471,3,1.37347852764651
162756.537070134,3,1.25273195654154
162752.171118719,3,1.1643543553073
73137.046431352,1,1.71859290450811
162756.859914534,0,1.35744415107183
73133.6090419026,1,1.74506699410267
162756.483524803,0,1.457615487976
162755.152247548,2,1.41861682175659
162754.823148082,1,1.49600121635012
73126.9119476454,0,1.50014589074999
162758.840488796,0,1.11660692607984
73134.6445235724,2,1.64887714316137
73137.0697951646,2,1.59172665001824
162752.800957194,2,1.14968736493029
98715.9067570991,3,1.98976772208698
98715.4467467046,3,1.75978747289628
73129.9056359432,1,1.98242338956334
98715.1196310305,3,1.93447770108469
73131.5920524369,1,1.77701623854227
73135.9462249702,1,1.8827682309784
98721.7488850387,3,1.59824164840393
162756.302867463,1,1.38936211750843
162755.695738389,4,1.39061689842492
162752.572208089,1,1.41784744756296
162757.837556577,1,1.26403868896887
